Model,WER
Baseline,74.1387723236069
Fine-tuned,68.11749780423538


